,countyFIPS,death_list,label
0,1001,[1 1 1 1 1 1 1],0
1,1017,[1 1 3 4 4 4 5 5 5 7 8 8 8 8 8 8 8],1
2,1033,[1 1 1 1 1],0
3,1037,[1],0
4,1055,[1 2 2 2 3 4 4 5 5 6 6 6],2
5,1071,[1 1 1 1 1 1 1 1 1 1 1 1 1 1 1 1 2 2 2 2 2],0
6,1073,[4 5 5 6 6 8 8 8 8 10],3
7,1077,[1 1 1 1 1 1 1 1 1 1 1 1 1 1 1 1 1 1 1],4
8,1081,[2 2 2 2 2 2 2 2 4 4 5 6 6 6 8],5
9,1087,[1 1 1 1 1 1 1 1],0
10,1089,[1 1 1 1 1 1 1 1 1 1 2 2 2 3 3 3 3 3],6
11,1091,[1 1 1 1 1 1 1],0
12,1093,[1 1 1 1 1 2 2 2 2 2 2 3],7
13,1095,[1 1 1 1 1 1 1 1],0
14,1097,[1 1 2 3 4 5 5 5 6 7 7 9 9 9 9 12],8
15,1101,[1 1 1 1 1 1 1 1 1 1 1 1 1 1 1],0
16,1111,[1 1 1 1 1 1 1 2 2 2 3],9
17,1117,[2 2 2 3 4 5 5 5 5 5 5 5 5 5 5],10
18,1123,[1 1 1 1 1 1 1 1 1 1 1 2 2 2 2 4],11
19,1129,[1 1 1 1 1 1 1 1 1 1 1 1 1 1],0
20,2020,[1 1 2 2 2 2 2 2 2 3 3 3 4 4 4 4 4 4 4],7
21,2090,[1 1 1 1 1 1 1 2 2 2 2],6
22,2122,[1 1 1 1 1 1 1 1 1 1 1],0
23,2170,[1],0
24,2195,[1 1 1 1 1 1 1 1 1 1],0
25,4001,[3 3 3 3 3 3 4 4],12
26,4005,[1 1 2 2 2 2 2 4 4 8 10 10 10 10 10 15 15 15 15 21 21 22],13
27,4012,[1 1 1],0
28,4013,[1 2 2 3 3 4 4 4 4 5 8 11 12 17 28 31 31 36 37 39 41 47 48 52 54],14
29,4015,[2 2 2],5
30,4017,[1 1 1 1 1 1 1 6 6 6 6 6 7 7 7 8 9],15
31,4019,[1 1 2 2 4 6 6 8 8 11 11 12 14 14 15 16 20 26 29 29 29 32],16
32,4021,[2 2 3 3 3 4 5],10
33,4025,[1 1 1],0
34,5023,[2 2 2 2 2 3 3 3 3 4 4 4 4 4 4 4 4 4 4],17
35,5029,[1 1 1 1 1 1 1 1 1 1 1 1 1 1 1 1 1 1 1],4
36,5035,[1 1 1 2 2 2 2 2 2],7
37,5043,[1 1 1 1 1],0
38,5045,[1 0 0 0 0 0 0 0 0 1 1 1 1 1 1 1 1 1 1 1 1 2],18
39,5057,[1 1 1 1 1 1],0
40,5069,[1 1 1 1 2 2 3 3 5],19
41,5075,[1 1 1 1 1 1 1 1 1 1 1],0
42,5077,[1],0
43,5107,[1 1 1],0
44,5119,[1 2 2 3 3 4 5 5 5 5 5 7 7 8 8 9 9 9 10],20
45,5125,[1 1 1 1 1 1 1 1 1 1],0
46,5141,[1 1 1 1 1 1 1 1 1 1 1 2 2 2 2 2],21
47,6001,[1 2 2 4 4 6 7 7 7 8 9 12 12 12 13 15 16 17 20 21 23 23 23],22
48,6013,[1 1 1 1 1 1 1 2 3 3 3 3 3 3 5 5 6 7 7 7 8 9 11 11 11 12],9
49,6019,[1 1 1 2 3 3 3 5 5 5 5 5],19
50,6025,[1 1 1 2 3 3 3 3 3 3 3 3 3],9
51,6029,[1 1 1 1 1 1 1 2 2 2 2 2 2 3 3 3 3 3 3],6
52,6031,[1 1],0
53,6037,"[1 1 1 1 1 1 1 1 2 2 4 5 7 11 13 21 26 32 37 44 54 65 78 89 117 132 147
 169 198 223 241 265 296 320 360]",23
54,6039,[1 1 1 1 1 1 1 1 2 2 2 2 2 2 2 2 2 2 2 2],21
55,6041,[1 1 1 4 5 5 6 6 7 7 9 10 10 10 10 10 10 10 10],24
56,6047,[1 1 1 3 3 3 3 3 3 3],25
57,6051,[1 1 1 1 1 1 1 1 1 1 1 1 1 1 1],0
58,6053,[1 1 1 1 1 1 1 2 2 2 2 2 2 2 3 3 3 3 3 3 3],6
59,6055,[1 1 2 2 2 2 2 2 2 2 2 2 2 2],11
60,6057,[1 1 1 1 1 1 1 1 1 1 1 1],0
61,6059,[1 1 1 3 4 4 4 7 10 13 13 14 14 14 15 17 17 17 18 19 19 19],26
62,6061,"[1 1 1 1 1 1 1 1 1 1 1 1 1 1 1 1 1 1 1 1 1 1 1 1 1 2 2 2 2 2 2 2 3 3 3 4 4
 4 4 4 5 5]",4
63,6065,"[2 3 3 3 4 5 6 6 6 8 8 8 8 8 9 13 13 14 15 18 19 25 28 32 33 39 41 41 50
 50]",27
64,6067,"[1 1 1 1 1 1 2 2 2 3 3 3 3 4 4 5 5 6 6 6 7 7 9 9 10 10 16 18 21 22 22 24
 26 26 27 28]",28
65,6069,[1 1 1 1 1 1 1 1 1 1 1 1 1 1 1 1 1 2 2 2 2 2 2 2 2 2 2 2 2],0
66,6071,[1 2 3 3 3 3 3 6 6 8 13 13 13 16 17 20 24 25 25 31 31 31],29
67,6073,[2 2 3 5 7 7 7 9 15 16 17 18 19 19 31 36 40 44 45 45 47 53],30
68,6075,[1 2 3 4 5 6 6 7 7 7 8 8 9 9 10 10 13 13 14 15 15],31
69,6077,[2 2 2 2 2 2 2 3 3 4 4 5 6 8 8 10 11 11 11 11 13 14 14 14 15 16 17 17],32
70,6079,[1 1 1 1 1 1 1 1 1 1 1],0
71,6081,"[1 1 1 1 1 1 1 1 1 1 5 5 6 6 6 6 10 10 10 13 13 13 13 21 21 21 21 21 21 21
 21]",33
72,6083,[1 1 2 2 2 2 2 2 2 2 2 2],6
73,6085,"[1 1 1 1 1 1 2 4 5 6 6 8 8 10 13 16 17 19 20 25 25 28 30 32 36 38 39 39 42
 43 46 47 50 51 54 60 60]",34
74,6087,[1 1 1 1 1 1 1 1 1 1 1 1 1 1 1 1 1],4
75,6089,[1 1 1 1 1 1 1 1 1 2 2 3 3 3 3 3 3 3 3 3 3],35
76,6095,[1 1 1 1 1 2 2 2 2 2 2 2 2],6
77,6097,[1 1 1 1 1 1 1 1 1 1 1 1 1 1 1 1 1 1 1 1 1 2 2 2 2 2],4
78,6099,[1 2 2 2 4],16
79,6101,[1 1 1 1 2 2 2 2 2 2 2 2 2 2],11
80,6107,[1 1 1 1 2 2 3 5 5 6 6 7 10 11 11 11 13 13],36
81,6111,[1 1 1 1 1 1 3 4 4 5 5 6 6 6 6 6 6 7 7 10 10 10 10 13],37
82,6113,[1 1 1 1 1 1 1 1 1 1 1 1 1 1 1 1 2 3 3 3 3 3 4 4],35
83,6115,[1 1 1 1 1],0
84,8001,[2 6 7 9 9 10 12 14 14 16 23 25 26 26 27],38
85,8003,[2 2 2 2 2 2],5
86,8005,[1 1 3 3 3 6 7 10 10 10 13 15 16 19 24 30 37 38 38 43],39
87,8013,[1 1 1 1 2 2 2 2 2 3 3 3 3 7 7 8 11 11 14],40
88,8014,[1 2 2 2 2 2 2 2 2 2 2 2 2 2 2],11
89,8015,[1 1 1 1 1 1 1 2 2 2 2 2 2 2 3 3 3 3 3 3],6
90,8025,[1 1 1 1 1 1 1 1 1 1 1 1 1 1 1 1 1 1 1 1 1 1 1 1 1 1],41
91,8029,[1 1 1 1 1 1 1],0
92,8031,[3 3 3 5 5 6 7 8 11 14 14 15 15 31 33 38 42 46 46 46 56],42
93,8035,[1 2 3 3 3 8 8 10 10 10 10 10 12],43
94,8037,[1 1 1 1 1 1 1 2 2 4 4 4 4 5 5 5 5 5 5 5 5 5 5 5 6],44
95,8039,[1 1 1 1 1 1 1 1 1 1 1],0
96,8041,"[1 1 1 1 1 1 1 2 3 3 3 3 5 7 7 10 11 11 13 14 16 18 22 25 28 28 30 32 33
 35 37 37 41]",45
97,8045,[1 1 1 1 1 1 1 1 1 1 2 2 2 2 2 2],21
98,8051,[1 1 1 1 1 1 1 1 1 1 1 1 1 1 1 1 1 3 3 3 3],46
99,8059,[2 3 5 5 5 5 6 7 9 13 15 17 18 21 23 25 25 25 29 29 31],47
100,8063,[1],0
101,8069,[1 1 1 3 3 4 6 7 7 7 8 8 8 8 8 9 9 9 9 9 9],48
102,8083,[1 1 1 1 1 1 1 1 1 2 2 2 2],6
103,8085,[1 1 1 2 3 3 3 3 4 4 4 5],49
104,8091,[1 1 1 1 1 1],0
105,8097,[2 2 2 2 2 2 2 2 2 2 2 2 2 2 2 2 2 2],50
106,8101,[1 1 1 2 2 2 2 2 2 2 2 2 2 2 2 3 3 3 4],51
107,8117,[1 1 1],0
108,8119,[1 1 1 1 1 1 1 1 1 1 1 1 1 1 1 1 2 2 2 2 2],0
109,8123,[1 1 1 1 1 2 2 2 4 4 6 7 9 10 12 13 16 16 22 24 26 27 30 36 40 44 48 48 55],52
110,9001,"[1 3 4 4 5 6 7 12 13 15 20 21 21 38 46 65 76 86 96 101 132 155 178 203 220
 248 262 287]",53
111,9003,[1 2 2 2 2 2 2 2 3 7 11 13 18 26 29 31 48 68 75 88 101 116 133 153],54
112,9005,[1 1 1 2 4 5 6 8 9 12 13 16 20 24 24 29],55
113,9007,[1 1 1 1 1 1 2 2 3 4 5 7 7 9 14 17 18 18 19 21],56
114,9009,[2 2 6 6 6 6 12 15 17 18 29 36 41 60 70 78 98 107 119 135 151],57
115,9011,[1 1 1 3 3 4 4 4 5 6 7 7 7 7 7],58
116,9013,[1 2 2 3 3 3 3 4 4 4 7 7 10 10 10 11 13 13 13 13 14 15 17 17 18],59
117,9015,[1 1 1 1 1 1 1 1 1 1 1],0
118,10001,[2 2 2 2 2 2 2 2 2 3 3 3 3 3 4 4 4 7],60
119,10003,[1 2 3 3 6 6 7 9 9 9 9 9 11 13 19 19 19 19 20],61
120,10005,[1 1 1 2 2 3 3 3 3 3 3 4 5 7 10 10 12 12 16],62
121,11001,[1 1 2 2 2 3 3 4 5 9 9 11 12 15 21 21 22 22 22 27 22 22 22 22 22 67],63
122,12003,[1 1 2 2 2 2 2 2],7
123,12005,[1 1 1 1 1 1 1 1 1 1 2],6
124,12007,[1 1 1],0
125,12009,[2 2 2 2 3 4 4 6],64
126,12011,"[1 1 1 1 1 1 3 3 3 3 3 10 11 11 12 12 13 17 22 32 40 47 54 60 67 72 76 76
 76 81]",25
127,12015,[1 1 1 1 1 1 4 5 5 5 5 5],65
128,12017,[1 1 1 1 1 2 2 2 2 2 2 2 2 2 5 6 6 6 6 6 7],66
129,12019,[1 1 1 1 1 2 2 2 4 4 4 4 5 5 5 6 6 6 6 6 7 7 7 8 8 8 8 9],67
130,12021,[1 1 1 1 2 2 2 2 3 3 3 3 3 4 4 4 5],28
131,12027,[1 1 1 1 1 1 2 3 3 3 3 3 3 3 3 3],51
132,12031,[1 1 1 2 3 3 3 3 3 3 3 4 4 4 9 9 9 9 9 10 10 11 11 13 13 13 14],68
133,12033,[1 1 1 2 3 3 3 3 3 3 4],49
134,12035,[1 1 1 1 1 1 1 1 1 1 2 2 2],6
135,12043,[1 1 1 1 1 1 1 1 1 1 1 1 1 1 1],0
136,12053,[1 1 1 2 2 2 2 2],7
137,12055,[1 1 1 1 1 1 1 1 2 2 2 2 2 4 4 4 5 5 5 5],44
138,12057,[1 2 2 2 2 3 3 5 5 5 5 5 7 7 9 12 15 16 16 18],19
139,12061,[1 1 1 1 1],0
140,12065,[1 1 1],0
141,12069,[2 2 2 2 2 2 2 2 3 4 4 4 4],17
142,12071,"[1 1 1 1 1 1 1 1 2 2 2 2 2 2 2 2 2 2 2 3 3 5 6 6 6 8 10 10 11 11 11 14 14
 14 14 16 16 16 16 19]",69
143,12081,[1 1 1 1 1 1 1 1 1 1 1 1 1 1 2 3 3 3 3 3 5 7 8 11 13 13 13 13 19],70
144,12083,[2 2 2 2 2 2 2 3 3 3],60
145,12085,[1 1 3 3 3 3 4],26
146,12086,[2 3 3 4 7 7 20 25 31 31 41 47 50 66 84 93 97 97 143],71
147,12087,[1 2 2 2 2 3 3 3 3 3 3 3],9
148,12091,[1 1 1 1 1 1 1 1 1 1 1 1 1 1 1 1],0
149,12095,[1 1 1 1 1 1 1 1 2 2 4 4 4 4 4 4 4 5 7 8 8 9 10 11 13 12 13 13 13 18],72
150,12097,[1 1 1 4 4 4 4 4 4 4 5 5 5 5 5 5],65
151,12099,[1 3 3 3 3 5 6 7 10 14 22 27 33 35 49 51 64 69 75 79 80 81 81 103],73
152,12101,[1 3 3 3 1 1 2 2 2 2 2 2 2 2 2 2 2 2 2 2 2 3 3 3],74
153,12103,[1 1 1 4 5 5 5 5 6 7 7 8 8 9 10 10 12 12 13 13 14],75
154,12105,[1 1 2 3 4 4 5 5 6 7 8 8 8 8 10],76
155,12107,[1 1 1 1 1 1 1 1 1 1 1 1],0
156,12109,[1 1 1 2 2 2 2 2 2 2 2 2 2 2 2 2 2 2 2 2 2 2],21
157,12111,[1 2 2 2 2 2 3 3 3 3 5 6 6 6 6 6 6 6 8],77
158,12113,"[1 1 1 1 1 1 1 1 1 1 1 1 1 1 1 1 1 1 1 1 1 1 1 1 2 2 2 2 2 2 2 2 2 2 2 3 3
 4 4 4]",4
159,12115,[1 2 2 2 2 2 3 3 7 7 7 7 7 7 8 10 10 12 12 12 16],78
160,12117,[1 1 1 1 1 1 2 2 2 2 2],6
161,12119,[2 3 3 3 5 7 7 7 9 9 9 9 9],79
162,12121,[3],12
163,12127,[1 1 1 1 1 1 1 2 2 3 3 3 5 6 7 7 7 7],80
164,12129,[1 1 1],0
165,13007,[1 1 1 1 1 1 1 1 1 1 1 1 1 1 2 2 2 2 2 2 2 2],21
166,13009,[1 1 1 1 1 1 1 1 1 1 1 1 1 2 2 2],21
167,13013,[1 1 1 1 1 1 2 2 2 2 2 2 2 3 3 3 3 3 3 3 3 3],6
168,13015,[1 1 1 1 1 1 1 1 1 3 4 4 6 7 7 11 12 12 15 15 15 16 16 17],81
169,13021,[1 1 1 1 1 1 1 1 1 1 1 1 1 1],0
170,13025,[1 1 1 1 1 1 1 1],0
171,13027,[1 1 1 1 1 1 1],0
172,13029,[1 1 1 1 1 1 1 1 1 1 1 1 1 2],11
173,13031,[1 1 1 1],0
174,13033,[1 0 1 1 1 2],82
175,13037,[1 1 1 1 1 1 1 2 2 2 2 2 2 2],11
176,13045,[1 1 2 2 2 2 2 4 4 4 5 5 5 5 5 6],67
177,13051,[2 2 2 3 3 3 3 4 4 4 4 5 5 5 5 5],83
178,13055,[1 1 1 1 1 1 1 1 1],0
179,13057,[1 1 1 1 3 4 4 5 5 5 5 6 6 6 7 7 7 7 7],37
180,13059,[2 2 2 5 5 7 7 8 8 8 8 9 9 10 10 11 11 11 12],84
181,13061,[1 1 1 1 1 1 1 1 1],0
182,13063,[1 1 1 1 1 1 2 3 5 6 8 9 9 9 10 10 11 11 11 11 11 12],85
183,13067,"[1 1 1 1 1 1 1 1 1 2 5 5 5 5 5 5 9 9 11 13 15 17 20 23 24 26 29 29 32 32
 32 35 35 41]",86
184,13069,[2 2 2 2 2 3 3 3],32
185,13071,[1 1 2 3 3 3 5 5 5 5 5 5 5 5 5],87
186,13077,[1 1 1 2 2 2 2 2 2 2 2 2 2 2 2 2 2 2 2 2 2 2 2 2 2],21
187,13081,[1],0
188,13083,[1 1 1 1 1 1 1 1 1 1 1 1],0
189,13085,[1 1 1 1 2 2 2 2 2],7
190,13089,[2 3 3 3 4 5 8 8 9 9 11 11 12 13 13 14 14 14 15],88
191,13093,[1 1 1 1 1 1 1 1 2 2 2],6
192,13095,[4 4 6 6 6 6 6 6 13 17 17 18 26 29 30 30 30 31 44 56 62 66 68 72 72 72 78],89
193,13097,[1 1 1 1 1 2 3 4 4 5 5 5 5 5 5 5 5 5 6],28
194,13099,[1 1 1 1 1 1 1 1 1 1 1 1 1 1 1 1 1 1 5 5 5 5 6 6 6 6 6],90
195,13103,[1 1 1 1 1 1 1 1 1 1],0
196,13113,[1 1 1 1 2 2 2 2 2 3 3 3 4 4 4 4 4 4 4 4 4 4 4 4 4 4 5],7
197,13115,[1 1 1 1 1 1 1 1 1 1 2 2 2 2 2 3 3 3 3 3 3 5 5 5 5 5 6],91
198,13117,[1 1 1 1 1 1 1 1 1 1 1 1 1 1 1 2 2 4 5 5 5 5],44
199,13121,[2 2 2 2 2 4 4 4 12 12 12 16 18 20 23 26 26 28 32 39 42 48 50 50 50 50 60],92
200,13129,[1 1 1 1 1 1 1 1 1 1 2 2 2 3 3 3 3 3 3 3 3 3],6
201,13131,[1],0
202,13133,[1 1 1 1 1 1 1 1],0
203,13135,[1 1 1 1 1 1 1 1 1 2 2 6 7 7 7 7 10 13 17 17 17 18 19 19 29],93
204,13137,[1 1 1 1 1],0
205,13143,[1],0
206,13145,[1 1 1 1 1 1],0
207,13149,[1 1 1 1 1 1 1 1 1 1 1 1 1 1 1 0 1 1 1 1 1 1],94
208,13151,[1 1 1 1 1 1 1 2 2 2 2 2 3 3 3 3 3 3 3 3 3 3 3 4],35
209,13153,[1 1 1 1 1 2 3 5 5 5 6 6 6 6 7 7 7 7 7 7 9],80
210,13157,[1 1 1 1 1 1 1],0
211,13163,[1 1 1 1 1 1],0
212,13165,[1 1 1 1 1 1 1],0
213,13167,[1 1 1 1 1 1],0
214,13173,[1],0
215,13175,[1 1 1 1 1],0
216,13177,[1 1 1 5 6 6 6 7 7 7 8 8 9 13 15 14 15 15 15 15 15 15],95
217,13185,[1 1 1 1 1 1 1 1 1 1 1 1 1 1 2 2 2 2 3],35
218,13189,[1 1 1 1 1 2 1 2 2 2 2 2 2],96
219,13195,[1 1 1 1 1 1 1 1 1 1 1 1 1 1 1 1],0
220,13205,[1 1 1 1 1 1 1 10 11 12 13 13 13 14 14 19],97
221,13207,[1 1 1 1 1 1 1 1 1 1 1],0
222,13215,[1 1 2 3 3 4 4 4 4],14
223,13217,[1 1 2 2 3 3 3 3 3 3 3 3],9
224,13221,[1 1 1 1 1 1 1 1 1 1 1 1 1],0
225,13223,[1 1 1 2 2 2 2 2 4],13
226,13225,[1 1 1 1 1 1 1 1 2 2 2 2 2 2 2 2 2],21
227,13227,[1 1 1 1 1 1 1 1 1 1 2 2 2 2 2 2 2 2 2],21
228,13229,[1 1 1 2 2 2 2 2],7
229,13235,[1],0
230,13243,[2 4 3 4 5 5 5 5 6],98
231,13245,[1 1 1 1 1 3 3 3 3 3 4 4 7],99
232,13247,[1 1 1 2 2 2 2 2 2 2 2 2 2 2 2 2 2 2 5],100
233,13249,[1 1 1 1 1 1 1 1 1],0
234,13253,[1],0
235,13255,[1 1 1 2 2 4 4 4 4 4 4 4 4 4],72
236,13261,[1 1 2 2 3 3 4 4 4 4 6 5 9 9 9 9 9 12],101
237,13263,[1 1 1 1 1 1 1 1],0
238,13269,[1 1 2 2 2 2 2 2 2],7
239,13273,[2 2 2 2 2 2 2 2 2 2 2 2 2 8 9 9 10 10 10 10 10 11],102
240,13275,[2 2 3 3 3 3 3 5],103
241,13277,[1 1 1 1 1 1 1 1],0
242,13279,[1 1 1 1 1 1 1 1 1 1 1 1 1],0
243,13285,[1 1 1 1 1 1 1 1 1 1 2 3 3 3 3 3 3 3 4],51
244,13287,[1],0
245,13291,[1 1 1 1 1 1],0
246,13293,[1 1 1 5],95
247,13297,[2 2 2 2 2 2 2 2 2 3],60
248,13299,[2 2 3 3 3 3 3 3 4 4 4 4 4 4],17
249,13313,[1 1 1 1 1 1 1 1 1 2 3 3 3 3 3 3 3],51
250,13319,[1 1 1 1 1],0
251,13321,[1 1 1 1 1 1 1 1 1 2 3 3 3 4 4 4 4 4 4],104
252,15003,[1 2 2 3 3 4 4 4 4 4 5 5 6 6 6],105
253,15009,[1 2 2 2 3 3 3 3 3],45
254,16001,[1 2 3 3 3 3 3 3 3 3 3 5 5 6 6 6 9 9],106
255,16013,[2 2 2 2 2 2 2 2 2 2 2 2 4 5 5 5 5 5 5 5],107
256,16027,[1 1 1 1 1 1 1 1 1 1 1 2 3 3 4 5 5 5 5 5],108
257,16031,[1 1 1 1 1 1 1 1 1 1 1 1 1 1 1],0
258,16053,[2 2 2 2 2 2],5
259,16069,[1 1 1 1 2 2 2 2 2 2 2 2 2 5 5 5 5 6 9],109
260,16075,[1 1 1 1],0
261,16083,[1 1 1 1 1 1 1 1 2 2 4 7],110
262,17007,[1 1 1 1 1 1 1],0
263,17015,[1 1 1 1 1 1 1 1 1 1 1 1 1 1],0
264,17019,[1 1 1 1 2 2 2 2],7
265,17021,[1 2 2 2 2 3 3 3 3 3 3 3 3],9
266,17031,"[1 1 2 3 4 6 9 12 13 18 20 28 40 44 61 95 107 141 167 186 209 249 312 351
 398 453 485 485 577]",111
267,17037,[1 1 1 1 1 1 1 1 1],0
268,17043,[1 1 1 1 6 7 8 10 12 14 16 18 22 22 26 30 36 42 48 50 50 61],112
269,17049,[1 1 1 1 1 1],0
270,17051,[1],0
271,17053,[1 1 1 1 1 1 1 1],0
272,17077,[1 1 1 1 1 1 1 2 2 2 3],9
273,17079,[1],0
274,17089,[1 2 4 6 6 7 8 8 9 12 15 15 18 19 20 22 22 23 23 24],113
275,17091,[2 3 4 4 5 5 6 7 9 9 9 10],114
276,17093,[1 2 2 2 2 2 2 2 2 2 2 2 2 2 2 2 2],21
277,17097,[1 1 1 2 2 2 12 13 13 15 20 23 27 31 39 42 42 58],115
278,17099,[1 1 1 1 1 1 1 1 1 1 1 1 1 1 1 1 1],4
279,17111,[1 1 2 2 2 2 2 3 3 3 3 3 4 5 5 5 6 6 6 8],116
280,17113,[1 1 1 1 1 1 1 2 2 2 2 2 2 2 2 2 2 2 2 2 2 2],21
281,17115,[1 1 1 1 1 1 1],0
282,17119,[1 2 2 2 2 2 2 2],7
283,17133,[1 1 1 1 1 1 1 3],25
284,17135,[1 1 1 1 1 1 1 1 1 1],0
285,17137,[1 1 1 1 1 1 1 1 1 1 1 1 1 1 1],0
286,17143,[1 1 1 1 1 1 1 1 1 1],0
287,17161,[2 3 3 3 3 3],83
288,17163,[1 1 2 2 2 2 2 2 2 2 3 4 5 7 8 8 8],117
289,17167,[1 1 1 1 1 1 1 1 1 1 1 1 1 2 2 2 2 2 2 2 2 2 2 2 2 2 3],21
290,17179,[1 2 2 2 2 2 2 3],49
291,17195,[1 1 1 1 1 1 1 1 1 1 1 1 2],66
292,17197,[1 1 1 1 1 1 2 3 3 4 4 5 8 8 8 10 11 12 19 30 35 46 52 56 60 60 77],49
293,17201,[1 1 1 1 1 1 3 3 3 3 4 4 4 4],118
294,18001,[1 1 1],0
295,18003,[1 1 1 1 1 1 1 1 1 2 2 2 2 2 4 6 7 7 9 10 10 10 13],119
296,18005,[1 4 4 4 4 4 4 4 4],120
297,18011,[1 1 1 2 2 2 2 2 2 3],40
298,18013,[1 1 1 1 1 1 1 1],0
299,18015,[1],0
300,18017,[1 1 1 1 1 1],0
301,18019,[1 2 3 4 4 7 7 7 8 8 8 8 8],121
302,18023,[1 1 1 1 1 1],0
303,18027,[1 1 1 1 1 1 1],0
304,18029,[1 1 1 1 1 1 1 1 1 1 1 2 2 3 3 3 3 4],104
305,18031,[1 1 3 4 4 4 5 6 6 6 8 10 10 10 10],122
306,18035,[1 1 1 1 1 1 1 1 1 1 1 1 1 1 1 1 1 1 1 1 1 2 2 2 3],123
307,18039,[1 2 3 3 3 3 3 3 3 3 3 3 3 3 3],124
308,18041,[1 1 1 1 2 2 3 3 3 3 3 3 3 3 3 3 3 3],51
309,18043,[1 1 3 3 3 4 4 4 5],1
310,18045,[1 1 1 1 1 1 1 1 1 1 1 1 1],0
311,18047,[1 1 2 3 4 4 5 6 6 6 6 6 7 7 7 7 7 7 7 7],2
312,18053,[2 2 2 2 2 2 2 2 2 2],50
313,18055,[1 1 1 1 1],0
314,18057,[4 4 4 4 5 5 10 15 16 19 22 23 23 27],125
315,18059,[1 1 1 1 1 1 2 2 2 2 2 2 2 2 2 2 4 6 6 6 6],126
316,18061,[1 1 1 1 1 1 1 1 2 2 2 2],6
317,18063,[1 1 1 1 1 1 1 4 4 5 5 6 8 8 9 10 10 11],120
318,18067,[1 1 1 1 1 1 1 1 2 2 2 2 2 4 4 4 4 4 4 4 4],127
319,18069,[1 1 1 1 1 1 1 1 1 1 1 1 1],0
320,18073,[1 1 1 1 1 1 1 1 1 1 1 1 1 1 1 1 1 1],4
321,18081,[1 1 1 1 1 1 1 1 3 3 3 3 3 3 3 3 3 3 4 6 6 6 7 8 11 16 19 20 20 21],128
322,18085,[1 1 1 1 1 1],0
323,18087,[1 1 1 1 1 1 1 1],0
324,18089,[1 1 1 5 6 6 7 8 8 8 11 12 19 23 25 25 25 31],129
325,18091,[1 1 2 2 3 3 3 3 3 3 3 3 3],9
326,18093,[1 1 4 5 5 5 5 7 7 7 7 7 7 7],130
327,18095,[1 1 1 1 2 3 7 9 9 9 11 11 11 13 13 14 14 16],131
328,18097,"[1 1 1 1 2 2 3 3 3 6 6 6 10 10 12 17 21 24 33 34 37 41 48 58 81 107 118
 123 123 141]",132
329,18105,[1 1 1],0
330,18109,[1 1 1 1 1 1 1 1 1 1 1 2 3 3 3 3 3],51
331,18111,[1 1 1 1 1 1 1 1 1],0
332,18113,[1 1 1 1 1 1 1 1 1 1],0
333,18117,[1 2 2 2 2 2 2 3 3 3 3],9
334,18119,[1 1 1 1 1],0
335,18127,[1 2 2 2],13
336,18133,[1 1 1 1 1 1 1 1 1 1 1 1 2 2 2 3 3 3],51
337,18135,[1 1 1 1 1 1 1 1 1 1 1 1],0
338,18137,[1 1 1 1 2 2 2 2 3 3 3 3 3 3 3],124
339,18139,[1 1 1 1 1 1 1 1 1 1 1 1],0
340,18141,[1 1 1 1 1 1 1 1 1 1 1 1 1 2 3 3 3 4],104
341,18143,[1 1 1 1 1 1 1 1 1 1 1 1 1 1 1 1 1 2 2 2 2 2 2 2],0
342,18145,[1 2 2 2 2 2 3],19
343,18149,[1],0
344,18151,[1 1 1 1 1 1 1],0
345,18157,[1 1 1 1 1 1 1 1 1 1 1 1 1 1 1 1 1 1],4
346,18163,[1 1 1 1 1 1 1 1],0
347,18167,[1 1 1 1 2 2 2 2 2 2 2 2 2 2 2 2 2 3],6
348,18171,[1 1 1 1 1 1 1 1 1 1 1 1 1 1 1],0
349,18173,[2 2 2 2 2],5
350,18177,[1 1 1 1 1 1 1 1],0
351,18183,[1 1 1 1 1 1 1 1 1 1],0
352,19005,[1 1 1 1 1 1 1 1 1 1 1 1 1 1 1 1 1 1 1],4
353,19007,[1 1 1 1 1 1 1 1 1 1],0
354,19011,[1 1 1 1 1 1 1 1],0
355,19047,[1 1 1 1],0
356,19061,[1 1 1 1 1 1 1 1 1 1 1 1 1 1 1 1 1 1 1 1 1 1],41
357,19087,[1 1 1 1 1 1 1 1 1],0
358,19103,[1 1 1 1 1 1 2 2 2 2],23
359,19113,[1 2 2 2 4 4 4 5 8 8 9 9 12 12 18 18 19],133
360,19121,[1 1 1 1],0
361,19139,[1 1 1 1 1 1 1 1 1 1 1 1 1 1 2],21
362,19153,[1 1 1 1 3 5 5 5 5 5 5 5 5 5],134
363,19157,[1 1 1 1 1 1 1 1 1 1 1 1 1 1 1 1 1 1 1],4
364,19163,[1 1 1 1 1 1 1 1 1 1],0
365,19171,[2 2 2 2 2 2 2 2 2],50
366,19183,[1 1 2 2 2 2 2 2 2 2 2 3 3 4 4 4],7
367,20011,[1 1 1 1 1 1 1 1],0
368,20031,[1 1 1 1 1 1 1 1 1 1 1 1 1],0
369,20035,[1 1 1 1 1 1],0
370,20037,[1 1 1 1 1 1 1 1 1 1 1 1 1 1 1 1],0
371,20091,[1 1 1 1 1 1 1 1 1 2 3 3 4 7 7 7 7 10 11 12 12 13 14 15 16],135
372,20103,[1 1 1 1 1 1 1 1 1 1 1],0
373,20125,[2 2 2 2 2 2 2],5
374,20169,[1 1 1 1 1 1 1 1 2 2],23
375,20173,[1 1 1 1 1 1 1 1 1 1 2 2 2 2 2 3],51
376,20177,[1 1 1 1 1 1 1 2 2 3 3 3 3 3 3 3 3 5],124
377,20191,[1 1 1 1 1 1],0
378,20209,"[1 1 1 1 1 1 1 1 1 1 1 1 1 2 2 2 2 2 4 4 4 5 5 6 6 6 10 13 16 20 24 24 29
 30]",127
379,21001,[1 1 1 1 1 1 1 2],7
380,21005,[1 1 1 1 1 1 1 1 1 1 1 1 1 1 1 1 1 1 1 1 1 1 1 1 1],41
381,21015,[1 1 1 1 1 1 2 2 2 2 2],6
382,21017,[1 1 1 1 1 1 1 1 1 1 1 1 1 1 1 1 1 1 1 1 1 1 1 1 1 1 1 1 1 1 1],41
383,21019,[1 1 1 1 1 1 1 1 1 1 1 1 2],66
384,21029,[1 1 1 1 2 2 2 2 2 2 2 2 2 2 2],11
385,21031,[1 1 1 1 1],0
386,21035,[1 1 1 1 1 1],0
387,21037,[1 1 1 1 1 1 3 3 3 3 3 3 3 5 5],134
388,21047,[3 3 3 3 3 3],12
389,21059,[1 1 1 1 1 1 1 1 1 2 3 3 3 3],9
390,21067,[1 1 1 1 2 2 2 2 3 3 6 6 7 7 7 7 7 7 7 7 7 7 7],136
391,21081,[1 1 1 1 1 1 1 1 1 1 1 1 1],0
392,21107,[1 1 1 1 1 2 2 2 2 2 2 2 2 2 3 3 3 8 8],137
393,21109,[1],0
394,21111,[1 1 1 1 1 1 2 2 4 4 4 4 8 9 13 17 17 20 23 27 31 36 42 42 42 46 49],138
395,21117,[1 1 1 1 1 2 2 2 2 8 8 8 8 8 8 8 10 10],139
396,21125,[2],5
397,21137,[1],0
398,21143,[2 2 2 2 2 2 2 2],5
399,21145,[1 1 1 2 2],13
400,21149,[1 1 1 1 1 1 1 1 1 1],0
401,21151,[1 1],0
402,21163,[1 1 1 1 1],0
403,21177,[1 1],0
404,21195,[1],0
405,21199,[1 1 1 1 1 1 1 1 1 2 2 2 2],6
406,21211,[1 1 1 1 1 1 1 1 1 1],0
407,21213,[1],0
408,22001,[1 1 1 1 1 1 1 1 2 2 2 2 2 3 4 4 5 5 5],108
409,22003,[3 3 3 5 5 5 5 5 5 7 7 7 8],140
410,22005,[1 1 1 1 1 1 4 5 5 5 7 7 7 11 11 11 15 17 19 20 23 23 27],141
411,22007,[1 1 1 1 1],0
412,22009,[1 1 1 1 1 1 1 1 1 1 1 1 1 2],11
413,22011,[1 1 1 1 1 1 1],0
414,22013,[1 1 1 1 1 1 1 1 1 1 1 1 1 1 1 1 1 1 1 1 6],142
415,22015,[1 1 2 2 2 3 3 4 6 7 7 9 9 9 10],143
416,22017,[1 2 2 5 5 7 7 10 10 10 19 21 26 25 26 39 39 39 39 56],144
417,22019,[1 1 1 1 1 1 1 1 1 1 1 3 3 3 3 4 4 5 8 12 12 14],145
418,22025,[1 1 1 1 1 1 1 1 1 1 1 1 1 1 1 1 1 1 1 1 1 1 1 1 1 1],41
419,22027,[2 2 2 2 2 2 2 2 2 3 3 3 4],17
420,22029,[1 1 1 1 1 1 1 1 1 1 1 1],0
421,22031,[1 1 1 1 1 1 1 1 2 3 3 4 6 7 7 7 7 7 7 7],146
422,22033,[1 2 3 4 4 4 7 9 9 10 11 13 14 22 25 31 33 36 39 45 49 49 58],147
423,22037,[1 2 2 2 2 2 4],133
424,22041,[1 1 1 1 2],36
425,22045,[1 1 3 3 3 5 5 4 5 5 5 5 5 5],148
426,22047,[1 1 1 1 1 1 2 3 3 4 5 5 5 6 8 9 9 10 12 14 14 17],149
427,22051,"[1 1 2 3 3 5 5 7 12 24 26 28 37 57 64 73 85 95 113 121 137 149 158 165 170
 173 173 210]",150
428,22053,[1 1 1 2 2 3 3 3 4],14
429,22055,[1 1 1 1 2 2 2 4 5 6 7 10 11 12 12 13 13 15],151
430,22057,[1 1 2 2 2 2 2 3 3 3 3 4 7 7 11 11 13 13 13 13 13],152
431,22063,[1 1 1 1 1 1 1 1 1 1 1 4],153
432,22067,[2 2 2 2 2],5
433,22071,"[1 2 3 4 6 8 10 15 15 20 26 37 46 57 70 73 86 101 115 125 148 153 161 171
 185 208 224 225 232 235 235 276]",154
434,22073,[1 1 1 1 1 1 1 1 1 1 1 1 1 1 1 1 3 4 5 5 5 5 7],155
435,22075,[2 2 2 2 2 3 3 4 4 6 6 7 7 8 8 11 10 10 11],156
436,22077,[1 2 2 2 2 4],157
437,22079,[1 1 1 1 1 1 1 1 3 3 3 4 4 4 4 4 4 4 4 5 5 5 5],118
438,22081,[1 1 1 1 1 2 2 2],7
439,22087,[1 1 1 2 2 2 2 3 5 7 8 8 8 8 8 8 8 8 8 8 8],158
440,22089,[1 2 2 2 2 3 6 7 8 11 12 13 15 19 19 22 23 24 24 24 24],159
441,22093,[1 1 1 1 1 1 1 1 3 3 3 3 4 4 4 4 6 6 6 6 7 7 9 9 10 10 13],160
442,22095,[2 2 3 3 5 8 12 13 14 17 23 24 24 34 35 35 37 38 38 38 48],161
443,22097,[1 1 1 1 2 2 4 4 4 4 4 6 11 13 13 16],162
444,22099,[3 3 3 3 3 3 3 3 4 4 4 4 4 6 6 7 8 8 9],163
445,22101,[1 1 2 2 2 2],13
446,22103,[1 1 1 2 2 3 4 4 6 9 10 14 14 17 17 18 19 27 32 39 39 55],164
447,22105,[1 1 1 2 2 2 3 4 5 6 7 8 8 11],165
448,22109,[1 1 1 1 1 1 1 2 5 7 7 11 14 13 13 14 14 14 17],166
449,22111,[3 3 3 3 3 3 4],12
450,22113,[1 1 1 1 1 1 1 1 1 1 1 1 1 1 1 1 1 1],4
451,22115,[1],0
452,22117,[1 1 1 1 1 1 1 1 1 2 2 2 2 2 2 2 5 8 7 7 7 7 9],167
453,22119,[1 1 1 1 1 1 1 1 1 1 2 2 2 2 2 2 2 2 2 2 2 2 2],21
454,22121,[1 1 1 1 1 1 1 1 1 1 1 3 4 7 7 7 9 9 9 9 9 9 9],168
455,22127,[1 1 1 2 2 2 2 2 2 2],23
456,23005,[1 1 3 3 3 5 5 7 7 7 7 9 10 11 11 12 12 12 12],169
457,23011,[1 1 1 1 1 1 1 1 1 1 2 2 2 2 2],11
458,23027,[1 2 2 2 2 2 2],13
459,23031,[1 1 1 1 2 2 2 2 2 2 2 3 3 3 4],7
460,24003,[1 1 1 1 1 1 1 2 6 6 8 8 11 12 16 19 27 27 32],170
461,24005,[1 1 1 1 1 1 1 1 1 1 1 1 2 3 3 4 6 11 11 13 16 21 26 30 30 41],171
462,24009,[1 1 1 1 1 1 1 2 1 1 1 1 1 1],172
463,24013,[1 1 2 5 5 5 6 8 10 16 18 18 19 25 25 25 29],173
464,24015,[1 1 1 1 1 1 1 1 1 1 1 1 2],66
465,24017,[1 1 1 1 1 1 1 1 2 2 2 2 3 4 5 9 9 12],174
466,24019,[1],0
467,24021,[2 2 2 2 3 4 4 4 4 9 11 12 12 14],175
468,24027,[1 1 2 2 2 2 3 3 3 3 3 4 5 6 6 6 9],105
469,24031,[1 1 1 1 1 1 1 1 1 1 1 2 4 7 9 13 19 21 26 29 34 36 42 42 54],176
470,24033,[1 1 1 1 1 1 2 2 2 2 3 6 6 6 7 9 10 13 16 23 26 32 35 42 50 55 55 72],177
471,24037,[3],12
472,24041,[1 1 1 1 1 1 1],0
473,24043,[1 1 1 1],0
474,24045,[1 1 1 1 1 1 1 1 1 1 1 1 1 1 1 1 1 1],4
475,24510,[2 2 2 2 2 2 3 6 7 8 9 10 13 17 22 24 24 29],178
476,25001,[1 1 2 2 2 2 2 3 3 6 6 6 7 10 11 12 13 15 16 17 17],179
477,25003,[1 1 2 2 2 4 4 5 5 6 6 7 7 10 13 13 18 20 21 22 22 22 22 23],157
478,25005,[1 1 1 2 2 3 3 4 5 8 8 16 23 28 33 39 43 46 53],180
479,25009,[2 2 3 4 6 12 17 18 23 25 27 30 36 51 60 79 91 101 113 125],181
480,25011,[1 2 2 2 2 4 7 8 11 12 12 13 17 21 22 22 23 25 25 25],182
481,25013,[1 1 4 4 4 11 16 19 27 35 35 39 56 64 81 88 94 104 115 134],183
482,25015,[1 1 1 1 1 1 1 1 1 2 2 3 4 4 4 4 4 4 4 5 6 7 7 7],104
483,25017,[1 1 1 2 2 5 6 6 7 9 18 21 29 39 39 42 48 69 80 93 109 137 149 163 188],184
484,25019,[1 1 1 1 1 1 1 1 1],0
485,25021,[1 2 6 8 9 10 12 15 21 24 25 26 29 35 41 51 65 80 92 106 124],185
486,25023,[2 5 6 7 7 9 13 24 31 37 45 49 53 64 75],186
487,25025,[1 1 2 2 2 2 3 3 4 4 6 7 14 20 22 28 29 33 42 50 56 73 81 88 106 120],187
488,25027,[2 3 3 5 5 5 7 9 13 14 17 17 18 23 29 30 37 41 48 50 56],188
489,26015,[1],0
490,26017,[2 2 2],5
491,26021,[1 1 1 1 1 1 1 2 2 2 2 3 4 4 5],116
492,26023,[1 1 1 1 1 2 2 2 2 2],23
493,26025,[1 1 1 1 1 1 1 1 1 1 1 3],128
494,26027,[1 1 1 1 1 1 1 1 1 1 1 1 1 1 1],0
495,26029,[1],0
496,26031,[1 1 1 1 1 1 1 1 1 1 1],0
497,26035,[1 1 1 1 1],0
498,26037,[1 1 1 1 1 1 1 1 3 3 3 3 4],118
499,26039,[1 1 1 1 1 1 1 1],0
500,26041,[1 1 1 1 1 1],0
501,26043,[1 1 1 1 1 1 1 1 2 2 2 2],6
502,26045,[1 2 2 2 2 2 3 3 4 4 4 4 5],62
503,26047,[1 1 2 2 2 2 2 2 2 2 2 2 2 2],11
504,26049,[1 4 5 5 7 7 8 10 11 15 18 26 33 39 48 57 62 68 68 86],189
505,26053,[1 1 1 1 1 1 1 1 1 1 1 1 1 1 1 1 1 1 1],4
506,26055,[2 2 3 3 3 3 3 3 3 3 3 3 3],60
507,26059,[1 1 1 1 1 2 2 3 3 4 4 6 6 6 6 6 9],190
508,26065,[1 1 1 1 1 1 1 2 3 3 3 3 3 4],68
509,26067,[1 1 1 2 2 2 2 2],7
510,26069,[1 1 1 1 1 1 1 1 1 1 1],0
511,26073,[1 1 1 1 1 2 2 2 2 2 2 2 2 3 3 3 4],191
512,26075,[1 1 2 2 3 3 3 4 4 4 4 4 4 4 4 7],135
513,26077,[1 1 1 1 1 3 3 3 4 6 6 7 7 7 7 8],192
514,26079,[1 1 1 1 1 2 2 2 2 2 2 2 2 2 2],11
515,26081,[1 1 2 2 2 2 3 5 6 8 9 13 13 13 13 14],193
516,26087,[3 5 5 6 6 6 6 9],194
517,26093,[2 2 2 2 2 2 2 2 2 2 2 2 3 3 4 4 6],195
518,26099,"[2 3 7 11 14 17 20 27 38 51 58 65 78 83 100 121 141 165 197 209 217 217
 293]",196
519,26103,[1 1 2 2 2 2 2 2 4 4 5],197
520,26107,[1 1 1 1 1 1 1 1 1 1 1 1 1 1 1 1 1 1 1 1],4
521,26111,[1 1 1 1 1 1 1],0
522,26113,[1 1 1 1 1 1 1 1 1 1 1 1 1 1 1 1 1],4
523,26115,[1 4 5 6 6 8],198
524,26117,[1 1 1 1 1 1 1 1],0
525,26121,[2 2 2 2 2 2 2 4 4 4 4 4 4 4 4 4 5],107
526,26125,"[1 1 4 4 10 15 26 31 31 48 70 99 119 136 142 163 185 205 234 246 282 316
 329 329 364]",199
527,26127,[1 1 1 1 1 1 1 1],0
528,26137,[1 1 2 2 2 2 2 2 2 2 2],6
529,26139,[1 1 2 2 2 2],13
530,26145,[2 3 6 7 9 9 9 9 17],200
531,26147,[2 2 3 3 3 4 4 4 6 6 7],201
532,26149,[1],0
533,26151,[1 1 1 1 1 2 2 2 2 2 2 2 2 2],11
534,26155,[1 1 1],0
535,26157,[1 1 2 2 2 2 2 2 2 2 2 3 5 6 7 7 9],202
536,26159,[1 1 1 1 1 1 1 1 1 1 1 1 2],66
537,26161,[3 3 3 3 3 5 6 7 8 8 8 8 8 10 11 13 15 15 18 18 18 21],203
538,26163,"[1 1 3 4 5 8 13 21 26 37 46 56 83 120 146 194 223 252 293 346 402 446 504
 609 652 704 704 820]",204
539,26165,[1 1 1 1],0
540,27015,[1 1 1 1 1],0
541,27025,[1 1 1 1 1 1 1 1 1 1 1 1],0
542,27037,[1 1 1 1 2 2 3 3 3 4 4 4 4 5],205
543,27053,[2 5 5 5 7 7 12 12 14 14 16 18 25 27 30 34 34 40],206
544,27091,[1 1 2 2 2 2 2 3 4 4 4 4 4 4 4 4 4 4 4],104
545,27103,[1 1 1 1],0
546,27109,[1 1 1 2 2 2 2 2 2 2 2 2 2],6
547,27123,[1 1 1 1 1 1 2 2 2 2 2 2 2 2 2 2 2 3 3 3 5 5 6 6 6 7],207
548,27137,[1 4 4 5 5 5],24
549,27139,[1 1 1 1 1 1 1 1 1 1 1 1],0
550,27163,[1 2 2 2 2 3 3 3],49
551,27167,[1 1 1 1 1 1 2],34
552,27169,[1 1 1 2 2 2 3 4 5 5 6 6 6 6],105
553,27171,[1 1 1 1],0
554,28001,[1 1 1 1 1 1],0
555,28005,[1 1 1 1 1 1 1 1 1 1 1 1 1 1 1 1],0
556,28011,[1 1 1 1 1 2 2 2 2 3 3 3 3 3 4],7
557,28013,[1],0
558,28017,[1 2 2 2 2 2 2 2 2 2 2 2 2],6
559,28019,[1 1 1 1 1 1 1 1 1 1],0
560,28023,[1 1 1 1 1 1 1],0
561,28027,[1 1 1 1 1 1 1 1 1 1 1],0
562,28033,[1 1 1 1 1 1 1 1 1 1 1 1 1 2 2 2 2],21
563,28035,[1 1 1 1 2 2 2 2 2 2],23
564,28045,[1 1 1 1 1 1 1 1 1 1 1 1 1 1 1 1 1 1 1 2 2 3 5 5 5 5 5],208
565,28047,[1 1 1 1 1 1 3 3 3 3 3 3 4 5 5 5 5],209
566,28049,[1 2 2 2 2 2 2],13
567,28051,[1 1 1 1 1 1 1 1 1 1 1 1 2 3 3 3 3 3 3 3 3],35
568,28053,[1 1 1 1 1 1 1 1 1 1 1 1 1 1],0
569,28059,[1 1 1 1 3 5 5 5 5 5 5 5 5 5],134
570,28065,[1],0
571,28071,[1 1 1 1 1 1 1 1 1 1 1 1 1 2],11
572,28073,[1 1 1 1 1 1 1 1],0
573,28075,[1 2 2 3 5 5 6 8 8 8 11],210
574,28079,[1],0
575,28081,[1 1 1 1 1 1 1 1 2 2 2 2 2 3 4 4 4],191
576,28083,[1 1 1 1 1 1 3 4 4 4 4 4 4 4 4 6],211
577,28085,[1 1 2 3 3 4 4 4],59
578,28089,[2 2 2 2 2 2 2 2 3],212
579,28093,[1 1 1 1 1 1 1 1 1 2 2 2 2],6
580,28095,[1 1 1 1 1 1 1 1 1 2 2 2 2],6
581,28097,[1 1 1 1 1 1 1 1 1 1 1 1 1 1 1],0
582,28099,[1],0
583,28105,[1 1 1 1 1 1 1 1],0
584,28107,[1 1 1 1 1 1 1 1 1 1 1 2 2 2 2],11
585,28109,[1 1 2 3 3 4 4 6 7 7 8],213
586,28111,[1 1 1 1 1 1 1 1 1 1 1 1 1 1 1 1 1],4
587,28113,[1 1 1 1 1 1 1],0
588,28115,[1 1 1 1 1 1 1 1 1 1 1 2],69
589,28121,[1 1 1 1 1 1 1 1 1 1 1 1 1 2 2 2 2 2 2 2],21
590,28129,[1 1 1 1 1],0
591,28133,[1 1 1 1 1 1 1 1 1 1 1 1 1 1 1 1 2],100
592,28139,[2 2 2 2 2 3 3 3 3 3 4 6 6 6 6 6 6],195
593,28143,[1 1 1 1 1 1 1 1 1 1 1 1 1 1 1 1 1 1 1 1 1],4
594,28145,[1 1 1 1],0
595,28151,[1 2 2 2 2 2 2 2],7
596,28155,[1 1 1 1 1 1 1 1 1 1 1 1 1 1 1 1 1 1 1 1 1],4
597,28157,[1 1 1 1 2 2 2 2 2 2 3 3 3 3 3 3 3 3 3 3 3],35
598,28163,[1 1 1 1 1 1 1 1 1 1 1 1 1],0
599,29013,[1],0
600,29019,[1 1 1 1 1 1 1 1 1 1 1 1 1 1 1 1 1 1 1 1 1 1 1 1 1 1 1 1],41
601,29021,[1 1 1 1 1 1],0
602,29027,[1 1 1 1 1 1 1 1 1],0
603,29029,[1 1 1 1 1 1 1 1 1 1 1 1 1 1 1 1 1 1],4
604,29031,[1 1 1 1 1 1 1],0
605,29035,[1 1 1 1 1 1 1 1 1 1],0
606,29037,[1 1 1 1 1 1 1 1 1 1 1 1 1 4],214
607,29047,[1 1 1 1 1 1 1 1],0
608,29051,[1 1 1 1 1 1 1 1],0
609,29071,[2 3 3 3 3 3 3 3 3],32
610,29077,[1 3 3 3 3 3 3 3 6 6 6 6 6 6 6 6 7 7 7 7 7 7],215
611,29083,[1 1 1 1 1 1 1 1 1 1 1 1 1 1 1 1 1],4
612,29095,[1 1 1 1 1 1 1 1 1 1 1 1 1 1 1 1 1 1 6 7 10 11 13 13 13 17],216
613,29099,[2 3 3 3 3 3],83
614,29107,[1 1 1 1 1 1 1 1 1 1 1 1 1 1 1 1],0
615,29113,[1 1 1 1 1 1 1],0
616,29115,[1],0
617,29169,[1 1 1 1 1],0
618,29183,[1 1 1 1 2 2 2 2 3 3 3 5 5 6 6 6 10 10 10 10 10],217
619,29186,[1 1 1 1 1 1 1],0
620,29187,[1 1 1 1 1 1 1],0
621,29189,[1 1 1 1 1 1 1 2 2 2 2 3 3 3 3 5 12 13 15 15 28 32 42 42 42 53],218
622,29213,[1 1 1 1 1 1],0
623,29510,[1 1 1 1 1 1 1 1 1 1 1 3 3 4 5 6 6 14 14 15 15 19],219
624,30057,[1 1 1 1 1 1 1 1 1 1 1 1 1 1 1 1 1 1],4
625,30101,[2 3 3 3 3 3 3 3 3 3 3 3 3 3 3 3],212
626,31019,[1 1 1 1 1 1 1 1 1 1 1 1 1 1 1],0
627,31055,[1 1 1 1 1 1 1 1 1 1 1 1 1 1 1 1 1 1 1],4
628,31067,[1 1 1 1 1 1 1 1 1 1 1 1 1],0
629,31079,[1 1 1 1 1 1 1 1 1 1 1 1 1 1 1 1 1 1 1],4
630,31111,[1 1 1 1 1 1 1 1 1 1 1 1 1 1 1 1],0
631,31119,[1 1 1 1 1 1 1 1 1 1 1 1 1 1],0
632,32003,"[1 1 1 1 2 2 2 4 6 6 10 10 14 14 15 23 28 34 39 41 41 41 54 65 71 75 75 75
 75 75]",220
633,32007,[1 1 1 1 1 1 1 1 1 1 1],0
634,32031,[1 3 3 4 4 4 4 4 4 4 6 10 10 10 10 10 10],221
635,33005,[1 1 2 2 2 2 2 2],7
636,33011,[1 1 1 1 2 2 2 2 2 2 3 5 7 7 7 9 13 14 15 15 15 15 19],222
637,33013,[1 2 2 2 2 2 2],13
638,33015,[1 1 1 1 1 1 1 1 1 2 2 2 2 2 2 2 2],21
639,34001,[1 1 1 1 1 4 4 4 6 7 8 8 11],223
640,34003,"[1 1 1 1 1 1 1 2 2 2 3 4 6 7 9 14 14 17 24 32 32 32 45 75 120 132 179 189
 200 263 314 345 390 435 453 453 550]",224
641,34005,[2 2 3 3 3 3 5 8 9 10 11 11 13 17 21 22 22 23 23 28],225
642,34007,[1 1 1 1 1 1 3 3 3 6 7 8 8 8 12 22 23 29 29 32 32 41],226
643,34009,[2 2 2 3 3 5 5 9 9 10],227
644,34011,[1 1 1 2 2 2 2 2 3 3 3 3 3 3],9
645,34013,"[1 2 3 4 4 7 7 11 14 20 20 20 31 69 99 118 155 172 186 232 276 312 352 412
 428 428 535]",228
646,34015,[1 1 1 1 2 2 2 2 3 3 3 5 7 8 8 9 9 9 11],229
647,34017,"[1 1 1 1 1 3 3 3 4 7 7 7 12 29 44 59 78 87 92 103 122 132 163 183 226 226
 277]",230
648,34019,[1 2 2 2 2 4 7 11 11 11 11],231
649,34021,[1 3 4 5 13 16 19 24 28 36 39 49 50 50 71],232
650,34023,"[1 1 1 1 4 12 14 14 14 18 27 48 56 76 80 87 100 139 152 168 177 193 193
 216]",233
651,34025,"[1 1 1 1 1 1 2 3 3 4 4 6 9 11 11 11 17 24 38 48 54 58 62 71 86 98 107 115
 123 123 145]",234
652,34027,"[1 1 1 4 4 6 8 12 12 12 20 25 40 43 51 55 60 87 102 117 135 152 162 162
 192]",235
653,34029,"[1 1 1 1 1 1 1 2 5 10 10 10 16 23 38 45 56 62 71 85 101 119 121 132 138
 138 149]",236
654,34031,[1 1 2 2 3 3 7 7 7 9 15 22 34 38 42 53 62 71 82 101 119 131 131 156],237
655,34033,[1 1 1 2 2 2 2 3 3 3 3 3 4 4 4],108
656,34035,[1 2 2 2 3 6 8 8 8 8 15 17 23 24 26 31 40 46 59 69 78 79 79 91],238
657,34037,[1 1 1 1 6 7 8 9 9 11 15 21 21 26 27 35 35 39],239
658,34039,[1 1 1 1 10 10 10 19 29 34 45 66 71 78 95 125 145 161 195 209 209 238],240
659,34041,[1 1 1 1 1 2 2 2 2 3 3 3 6 6 7 7 9 1 15 18 22 22 25],241
660,35001,[1 1 1 4 4 5 7 7 7 7 8 11 12 13 13 16 16 16],242
661,35006,[1 1 1],0
662,35013,[1 1 1],0
663,35015,[1 1 1 1 1 1 1 1 1 1 1 1 1 1 1 1 1 1 1 1],4
664,35031,[1 2 2 2 2 2 2 2 2 2 2],6
665,35043,[1 1 2 2 2 2 2 2 2 3 3 3 3 3],9
666,35045,[1 2 2 7],243
667,1,[6 9 9 27 24 44 0 0 11 0 0 0 1 0 0 1 1 1 1 1 0 0 0 0 0 240 0 0 0 2462],244
668,36001,[1 1 1 2 2 4 6 8 9 9 9 12 14 16 16 17 21],245
669,36003,[1 1 1 1 1 1 1 1 1 1 1 1 1 1 1 1],0
670,36005,"[1 1 1 1 1 0 14 28 44 60 79 101 152 188 215 262 360 421 480 576 627 709
 902 1001 1046 1241 1308 1400 1434 1656]",246
671,36007,[1 1 1 1 1 2 2 3 3 3 3 4 4 4 4 4 4 4 5 6 6 6 6 6 6],191
672,36011,[1 1 1 2 2 2 2 2],7
673,36013,[1 1 1 1 1 1 1 1 1 1 1 1 1 1 1 1],0
674,36015,[1 2 2 2 2 2 2],13
675,36019,[2 3 3],27
676,36021,[1 1 1 1 1 2 2 3 3 3 3 4 4 4 6 7 8 9],247
677,36023,[1 1 1 1 1],0
678,36025,[1 1 1 1 1 1 1 1 1 1 1 1 1],0
679,36027,[1 1 1 1 1 2 2 2 2 3 3 4 5 8 11 11 12 15 15 21 22 23 26 31 34],248
680,36029,[1 1 5 5 6 7 8 10 11 19 22 26 27 30 39 39 46 54 57 70 81 94],249
681,36035,[1 1 2 2 2 2 2],13
682,36037,[1 1 1 1 1 1 1 1 1 1 1 1 1 1 1 1],0
683,36043,[1 1 2 2 2 3 3 3 3 3 3 3 3 3 3 3 3 3 3],35
684,36047,"[1 1 1 1 1 1 1 1 14 27 45 64 81 102 167 185 215 261 328 385 485 610 896
 1022 1153 1313 1473 1640 1843 2028 2132 2498]",250
685,36049,[3 3 3 3],12
686,36051,[1 1 1 1 1 1 1 1 1 1 1 1 1 1 1],0
687,36053,[1 1 1 1 1 1 1 2 2 2 2 2 2 2 2 2 2 2 2 2 2 2],21
688,36055,[1 1 1 1 1 1 2 3 3 3 3 5 5 8 9 9 10 14 17 17 23 25 25 31 31 39 39 40 43],251
689,36057,[1 1 1 1 1 1 1 1 2 2 2],6
690,36059,"[1 1 1 1 1 4 7 7 7 17 19 27 35 35 48 63 76 95 143 149 381 433 500 566 788
 890 965 1030 1109 1217]",252
691,36061,"[10 19 35 43 55 65 93 103 119 129 165 178 215 264 390 436 513 604 674 731
 799 849 849 963]",253
692,36063,[1 1 1 2 5 5 6],173
693,36065,[1 1 1 2 2 2 2 2 2 2 2 2 2 2 2],11
694,36067,[1 1 1 1 1 1 1 1 2 4 4 4 5 5 6 10 11 12 13 13 15],254
695,36069,[1 1 1],0
696,36071,[1 1 3 4 4 12 12 25 30 40 51 51 51 53 63 79 88 96 111 120 126],255
697,36075,[2 2 2 2 2 2 2 2],5
698,36077,[1 1 1 1 1 1 1 1 2 2 2 2 2 2 2 2 2 2 2],21
699,36079,[1 1 1 9 11 12 13 15 16 18 20 23 25 31],256
700,36081,"[21 40 60 92 124 149 216 253 305 376 447 499 590 685 813 948 1129 1344
 1400 1759 1848 2116 2116 2421]",257
701,36083,[1 1 1 1 2 2 5 5 5 5 5 5 5],86
702,36085,"[4 11 4 21 26 33 43 46 58 67 73 78 96 118 150 172 196 229 246 289 305 330
 343 367]",258
703,36087,"[1 1 1 2 2 2 2 2 3 3 5 7 7 7 7 8 18 18 29 42 69 69 69 76 90 98 117 135 153
 166 182 192]",259
704,36089,[1 1 1 1 1 1],0
705,36091,[1 1 1 5 5 5 6 6],260
706,36093,[1 1 1 1 1 1 1 5 5 6 6 7 8 8 9 9 10 10 12 12],261
707,36095,[1 1],0
708,36099,[1 1 1 1],0
709,36101,[1 1 1 1 1 1 3 3 3 5 5 5 5],262
710,36103,"[2 2 3 3 3 3 4 4 17 20 22 30 37 40 44 53 69 84 96 175 175 236 263 323 369
 414 458 518 568 608]",263
711,36105,[2 4 5 5 5 5 7 7 7 7 7 7 7 7 7],264
712,36111,[1 1 3 3 3 4 4 4 4 5 6 6 9 10 10 12 13],265
713,36113,[1 1 1 1 1 1 1 1 1 1 1],0
714,36115,[1 1 1 1 1 1 1 1 2 2 3],9
715,36119,"[1 1 1 8 10 10 10 10 19 25 64 67 71 197 211 233 283 315 389 389 461 511
 557 596]",266
716,36121,[1 1 1 0 1 1 1 1 1 1 1 1 1 1 1 1 1 1 1 4 4],267
717,37015,[1 1 1 1 1 1 1 1 1 1 1 1 1],0
718,37019,[1 1 1 1 1 1 1 1 1 1],0
719,37021,[1 1 1 1 1 1 1 1 1 1 1 2 2 2 2 3],51
720,37023,[1 1 2 2 2 2 2 3 3 3],40
721,37025,[1 1 1 1 1 1 1 1 1 1 1 1 1 1 1 1 1 1 1 1 3],46
722,37031,[1 1 1 1 1 1],0
723,37035,[1 1 1 1 1 1 1 1 1 1],0
724,37039,[1 1 1 1 1 1 1 1 1 1 1 1 1 1],0
725,37047,[1 1 1 1 1 1 1 1],0
726,37049,[1 1 1 1 1],0
727,37051,[1 1 1 1 1 1],0
728,37055,[1 1 1 1],0
729,37057,[1 1 1 2 2 2 2 2],7
730,37059,[1 1 2 2 2 2 2 2 2 2 2 2 2],6
731,37063,[1 1 1 1 1 1 1 1 1 2],23
732,37065,[1 1 1 1 1 1],0
733,37067,[1 1 1 1 1 2 2 2 2 2 3 4 4 4 4],108
734,37069,[2],5
735,37071,[1 1 1 1 2 2 2 3 3 3 3 3 3],9
736,37077,[4],3
737,37081,[1 1 3 3 3 3 5 8 8 9 9 9 9 10],268
738,37085,[1 1 1 1 1 1 1 1 2 2 2 2 2 2 2 2 2 2 2],21
739,37089,[1 2 2 2 2 2 2 3],49
740,37091,[1 1 1 1 1 1 1 1],0
741,37097,[1 1 1 1 1 1 2],34
742,37101,[1 1 1 1 1 1 1 1 2 3 3 4 3 5 4 4 4 4 8],269
743,37103,[1 1 1 1],0
744,37113,[1 1 1 1 1 1 1 1],0
745,37119,[1 1 1 1 2 2 3 4 6 7 9 10 11 11 11 14],270
746,37123,[1 1 1 1 1 1 1 1 1 1 1 1 1],0
747,37127,[1 1 1 1 1],0
748,37129,[1],0
749,37133,[1 1 1 1 1 1 1 1 1 1 1 1 1 1 1],0
750,37135,[1 1 2 2 2 2],13
751,37147,[1 1 1 1 1],0
752,37151,[1 1 1 1 2 2 2 2 2 2 2],6
753,37153,[1 1 1 1],0
754,37157,[1 1 1 1 1 1 1 2 2 2 2 2 2],6
755,37159,[1 1 1 1 1 1 1 1 1 1 2 2 2 2 2 2 2 3],6
756,37161,[1 1 1 1 1 1],0
757,37167,[1 1 1 1 1],0
758,37179,[1 1 1 1 3],39
759,37187,[1 1 1 1 1 2],40
760,37191,[2],5
761,37193,[1 1 1 1 1 1 1 1 1 1 1 1 1],0
762,37195,[1 1 1 2 2 3 3 3 3 3 3],9
763,38017,[1 1 1 1 1 1 1 1 1 1 1 1 1 1 2 2 2 2 2],21
764,38029,[1 1 1 1 1 1 1 1],0
765,38049,[1 1 1 1 1 1 1 1 1 1 1 1 1 1 1 1],0
766,38059,[1 1 1 1 1 1 1 1 1 1 1 1 1 1 2 2],21
767,38089,[1 2 2 2 2 2],13
768,38101,[1 1 1],0
769,39003,[1 1 1 1 1 2 2 4],34
770,39007,[2 2 2],5
771,39009,[1 1 1 1 1 1 1 1 1 1 1 1 1 1 1 1],0
772,39011,[1 1 1 1 1 1],0
773,39013,[1 1 1 1 1 2 2 2 3],45
774,39015,[1 1 1 1 1 1 1 1 1 1 1 1 1 1 1],0
775,39017,[1 1 2 2 2 2 2 2 2 2 2 2],6
776,39021,[1 1 1 1],0
777,39025,[1 1 1 1 1 1 1 1 1 1 1 1],0
778,39029,[1 1 1 1 2 2 2 2 3 5 5 5 5 6 6 6 6 6 6 8],271
779,39035,[1 1 1 2 2 2 2 3 3 4 6 9 12 13 13 14 15 19 23 23 22 22 23 23 33],272
780,39037,[1 1 1 1 2 4 6 6 7 7 7 8 8 8 10],273
781,39041,[1 1 1 1 1 1 1 1 1 1 2 2 2 2 2 2],21
782,39043,[1 1 1 1 1 1 1 1 1 1 1 1 1 1 1 1 1 1 1 1 1 1 1 1 1],41
783,39045,[1],0
784,39049,[2 2 2 3 2 2 2 2 3 4 5 5 6 8 9 12 12 14 14 14 14 14 18],274
785,39053,[1 1 1 1 1 1 1 1 1 1 1 1 1 1 1 1 1 1 1 1 1 1],41
786,39055,[1 1 1 2 2 2 3],19
787,39057,[1 1 1 1 1 1 1 1 1 1 1 1 1 1 2],21
788,39061,[2 2 2 3 9 12 13 14 14 17 17 17 24],275
789,39063,[1 1 1 1 1],0
790,39077,[1 1 1 1 1 1 1 1 1 1 1 1 1 1 1 1],0
791,39083,[1 1 1 1 1 1 1 1 1 1 1 1 1],0
792,39085,[1 1 1 2 2 3 3 3 3 3 4 4 5 6 6 6 6 6],276
793,39089,[1 1 2 2 3 3 3 3 3 3 3 3],9
794,39093,[1 2 2 2 2 2 2 3 3 3 4 5 5 5 5 5 7],205
795,39095,[1 1 1 1 1 1 2 2 2 2 2 3 3 3 4 7 8 12 16 16 16 20 21 21 21 25],277
796,39097,[2 2 2 2 2 2 2 2 2 2 3 3 3 3],278
797,39099,[1 2 2 2 4 9 10 11 12 13 15 17 19 28 28 31 31 31 31 35],279
798,39103,[1 1 1 1 1 1 2 2 3 3 4 5 5 7 7 7 9],280
799,39107,[1 1 1 1 1 1 1 1 1 1 1],0
800,39109,[1 2 4 4 5 5 6 6 8 8 9 10 10 12 14 14 14 15 15 15 19],281
801,39113,[1 1 1 2 2 2 2 2 2 2 4 4 5 5 5 8],282
802,39133,[1 1 1 2 3 3 4 5 7 8 14 14 14 15 15 20],283
803,39135,[1 1 1 1 1 1],0
804,39139,[1 1 1 1 1 1],0
805,39143,[1 1 1 2 2 2 2],13
806,39147,[1 1 1 1 1 1 1 1 1 1 1 1 1 1 1],0
807,39151,[1 1 2 2 2 2 2 2 3 3 3 4 5 5 7 7 7 8 11 11 11 11 17],205
808,39153,[1 4 5 5 5 7 7 7 7 9 10 12 12 12 13 14 14 14 15],284
809,39155,[1 1 2 2 2 2 3 6 6 6 7 8 8 8 8 8 8 8 8 13],285
810,39165,[1 1 3],1
811,39167,[1 1 1 1 2],36
812,39169,[1 5 5 5 5 5],260
813,39173,[2 2 3 3 3 3 4],64
814,39175,[1 1 2 2 2 2],13
815,40001,[1 2 2 2 2 2 2 2],7
816,40017,[1 1 1 1 1 1 1 1 1 1 1 1 1 1 3],145
817,40021,[1 1 1 1 1 1 1 1],0
818,40027,[1 1 3 3 5 5 6 6 6 6 7 8 11 11 12 14 14 14 17 17 17 17],286
819,40037,[1 1 1 1 1 1 1 1 1 1 2 2 2 3 3 3 3 3],6
820,40047,[1 1 1 1 1],0
821,40055,[1 1 1 1 1 3 3 4 4 4 4 4 4 4],118
822,40071,[1 1 1 1 1 1 2 3 3 3 3 3 3 4],68
823,40077,[1 1 1 1 1 1 1 1 1 1 1],0
824,40093,[1],0
825,40097,[1 1 1 1 1 1 2 2 2 2 2 2 2 3],124
826,40101,[1 1 2 2 2 2 2 2 2 2 2 2 2 2 2],11
827,40109,[2 2 2 3 4 4 7 10 10 10 10 10 11 11 15 15 17 19 19 19 19],287
828,40113,[1 1 2 2 3 5 5 5 7 7 7 7 8],158
829,40117,[1 1 1 1 1 1 1 1 1 1 1 1 1 1 1 1 1 1 1 2 2 2 2 2],0
830,40121,[1],0
831,40123,[1],0
832,40125,[1 1 1 1 2 3 3 3 3],45
833,40131,[1],0
834,40133,[1 1 1 1 1 1 1 1 1 1],0
835,40135,[1 1 1 1 1 1 1 1 1 1 1 1 2 2 2 2 2 2],21
836,40137,[1 1 1 1 1 1 1 1 1 1 1 1 1],0
837,40143,[1 1 1 1 1 1 1 1 1 1 3 3 3 3 3 5 8 8 8 8 14 16 16 16 16 18 18 19],288
838,40145,[1 1 1 2 2 2 2 2 2 2 3 4 4 4 4 4 4 5],108
839,40147,[1 1 1 2 2 2 2 2 2 2 3],9
840,41003,[1 1 1 1 1 1 1 1 1 2 2 2 2 2 3],137
841,41005,[2 2 2 2 2 3 3 3 3 3 3 3 3 3 3 3 3 3 3 3 3],212
842,41033,[1 1 1 1],0
843,41039,[1 1 1 1 1 1 1 1 1 1 1 1 1 1 1 1 1 1 1 1 1 1 1 1 1 1 1 1],41
844,41043,[1 1 1 1 1 1 1 2 2 2 2 2 2 2 2 2 2 4 4 4 4 4 4],289
845,41047,[1 1 1 1 2 2 3 3 3 3 3 3 4 4 5 5 6 9 9 9 9 9 9 9 9],290
846,41051,[1 1 1 1 1 1 1 1 1 1 1 2 2 2 2 2 2 2 3 3 3 6 7 7 7 10 13 17 18 19 19 20],136
847,41053,[1 1 1 1 1 1 1 1 1 1 1 1],0
848,41067,[1 1 1 1 1 1 1 2 3 3 3 3 3 3 3 4 4 4 4 5 6 6 6 6 6 6 6 7],191
849,41071,[1 1 2 3 3 3 3 3 3 3 3 5 5 5 6 6 6 6],77
850,42001,[1 1 1 1 1 1],0
851,42003,[1 1 1 2 2 2 2 2 2 2 2 2 2 2 3 4 4 6 10 12 18 19 19 19 24],291
852,42005,[1 1 1 1],0
853,42007,[1 2 2 2 6 6 6 9 13 13 13 13 13 13 14],292
854,42009,[1 1 1 1],0
855,42011,[1 1 2 3 3 4 7 8 12 19 20 20 27],293
856,42017,[1 3 3 6 6 8 11 13 17 21 22 23 26 29 32 32 40],294
857,42019,[1 1 2 2 2 2 2 2 2 2 2 2 2 2 2 3 3 4 4 5],104
858,42021,[1 1 1 1 1 1 1 1],0
859,42025,[1 1 1 1 1 1 1 1 1 2 3 3 3 3 3],124
860,42029,[1 1 2 2 2 2 3 6 6 7 9 15 17 17 20],295
861,42037,[1 1 2 2 2 3 3 3],49
862,42041,[1 1 1 1 1 1 2 2 2 2 2 2 2 2 3 3 3 4],104
863,42043,[1 1 1 1 1 1 1 1 2 2 2 3 4 4 5],116
864,42045,[1 3 4 4 4 5 7 8 10 13 14 15 20 23 26 30 39 39 39 45],296
865,42051,[1 1 1 1 1 1 1 1 1 1 3 3 3 3],128
866,42069,[1 1 2 2 2 2 2 2 3 3 3 4 6 6 7 8 10 16 18 20 20 20 24],297
867,42071,[1 2 2 3 3 4 5 5 8 11 14 16 17 21 23 24 24 26],298
868,42073,[1 1 2 2 2 2 2 2 2 2 2 2 3 4 4 4 4],191
869,42075,[1 1 1 1 2],36
870,42077,[1 2 3 3 3 4 5 5 5 7 8 8 10 11 13 16 16 18 18 23],299
871,42079,[1 1 2 2 2 3 4 4 5 5 5 5 5 8 11 12 15 17 17 17 26],300
872,42089,[1 1 1 2 2 2 3 7 7 8 10 10 11 11 11 12 17 19 19 22 23 23 27],301
873,42091,[1 1 1 2 3 5 5 5 6 8 9 11 17 18 18 30 37 37 50 60 63 63 76],302
874,42095,[1 1 1 1 1 2 2 3 3 3 4 4 5 5 5 9 10 11 11 12 14 17 20 21 23 23 23 25],303
875,42099,[1 1 1 1 1 1 1 1 1 1 1 1],0
876,42101,[1 1 2 5 5 7 10 10 13 14 24 28 28 58 86 86 110 130 128 128 131],304
877,42103,[1 1 1 1 1 1 1 1 1 2 5 6 6 6 6 6 6 6],109
878,42107,[1 1 2 2 2 2],13
879,42109,[1 1 1 1 1 1 1 1 1 1 1 1 1 1 1],0
880,42115,[1 2 2 1 1 1],305
881,42117,[1 1 1 1],0
882,42125,[1],0
883,42127,[1 1 1 1],0
884,42129,[1 1 5 6 6 6 6],306
885,42133,[1 1 1 1 1 2 2 3 3 3 3 3 3],9
886,44007,[6 6 6 13 13 13 13 14 14 14 14 14 14],307
887,45003,[1 1 1 1 1 1 1 1 1 1 1 1 1 1 3],145
888,45007,[1 1 2 3 3 3 3 4 4 4 5 5 5 5 5 5],116
889,45013,[1 1 2 2 2 3 4 4 4 4 5 5 5 6 6 7],308
890,45015,[1 1 1 1 3],39
891,45017,[1 1 1 1 1 1 1 1 1 1 1 1 1 1 1],0
892,45019,[1 1 1 1 1 1 1 1 1 1 1 1 1 1 1 1 1 1 1 1 1 1 2 2 2],309
893,45027,[1 1 1 1 1 1 1 1 1 1 1 1 1 2 2 2 3 3 3 3 4 4 6],310
894,45035,[1 1 1],0
895,45041,[1 1 1 2 2 2 2 3 3 3 3 3 5 5 5 5 5 5 5 5 6 6 7 7 7],87
896,45043,[1 1 1 1 1 1 1 1 1 1 1],0
897,45045,[1 1 1 1 1 1 2 2 2 2 3 3 3 6 6 8 8 10],311
898,45051,[1 1 1 1 1 3 3 3 3 4 4 4 5 6 6 7 7 7 7 7 7 8],312
899,45055,[1 1 1 2 2 2 2 2 2 2 2 2 2 3 3 3 3 4 4 5],104
900,45057,[1],0
901,45059,[1 1 1 1 1 1 1],0
902,45061,[1 1 1 2 2 2 2 3 3 3 3 3 3],9
903,45063,[1 1 1 1 1 1 1 1 1 1 1 1 1 1 1 1 1 1 1 3 3 3 5 5 6 6 6 6 6 8],46
904,45065,[1 1 1 1 1 1 1],0
905,45067,[1 1 1 1 1 1 1 1 1 1 1 1 1 1 1],0
906,45071,[1 1 1 1 1 1 1],0
907,45079,[2 2 2 2 3 3 5 6 6 7 7 10 10 10 10 10 10 11],313
908,45083,[1 1 4 4 4 4 4 4 4],120
909,45085,[1 1 2 2 2 2 2 2 2 3 3 3 3 3 3 3 3 3 3 4 4 4],310
910,45091,[1 1 1 1 2 2 2 2 2 2 2 2 3 3 3],124
911,46005,[1 1 1 1 1 1 1 1 1 1 1 1 1 1],0
912,46103,[1 1 1 1 1 1 1 1 1 1 1 1 1 1 1 1 1 1 1 1 1 1 1 1 1 1 1 1 1 1 1 1 1 1 1 1],41
913,47001,[1 1 1 1 1 1 1],0
914,47003,[1 1 1 1 2],36
915,47009,[1 2 2 2 3 3 3 3 3 3],45
916,47011,[1],0
917,47019,[1],0
918,47037,[1 1 1 1 1 2 2 2 2 2 3 3 4 6 6 6 6 7 9 13 13 13 13 13 16 18],314
919,47051,[1 1 1 1 1 1 1 1 1 1 1 1],0
920,47059,[1 1 1 1 1 1 1 1 1 1 1 1 1 2],11
921,47061,[1],0
922,47063,[1 1 1 1 1 1],0
923,47065,[1 1 1 1 1 2 2 2 3 3 4 4 9 9 9 10 10 10 10 10 11],315
924,47073,[1 1 1 1 1 1 1 0 2 2 2 2],316
925,47075,[1 1 1 1 1 1],0
926,47093,[1 1 1 1 1 1 1 3 3 3 3 3 4 4 4 4],118
927,47111,[1 1 1 1 2 2 2 2 2],7
928,47115,[1 1 1 1 1 1 1 1 1 1 1 1 1 1],0
929,47117,[1 1 1 1 1 1],0
930,47125,[1 1 1 2 2 2 2 2 2 2 2],6
931,47131,[1 1 1 1 1 1 1 1 1 1 1 1 1],0
932,47149,[1 1 3 3 3 3 3 3 6 6 6 6 6 6],215
933,47157,[3 3 5 6 8 9 13 15 17 20 20 20 20 21 26],317
934,47163,[1 1 1 1 1 1 1 1 1 1 1 1 1],0
935,47165,[1 4 4 7 7 8 10 10 15 15 18 20 21 22 22 26 27],318
936,47169,[1 1 1 1 1 1 1 1 1 1 1 1 1 1],0
937,47187,[2 2 2 2 2 2 3 3 3 4 4 4 4 5],319
938,47189,[1 1 1 1 1 1],0
939,48021,[1 1 1 1 1 1 1 1],0
940,48027,[1 1 1 1 1 1 1 1 1 1 1 1 2 2 2 3 3 3 3 3],35
941,48029,[1 1 3 5 5 5 5 5 9 9 9 9 9 11 12 12 18 20 22 24 27 27 33],320
942,48037,[1 1 1 1 1 1 1 1 1 1 1],0
943,48039,[1 1 1 1 1 1 1 1 1 2 2 2 2 2],11
944,48041,[1 2 2 2 4 4 5 5 6 7 7 8 9 9 10 10 12],321
945,48049,[1],0
946,48061,[1 1 1 3 3 3 3 3],25
947,48069,[1 1 1 1 1 1 1 1 1 1 1],0
948,48073,[1],0
949,48085,[1 1 1 1 1 1 1 1 1 1 1 1 1 1 1 1 2 3 3 4 4 5 6 7 7 7 10],322
950,48091,[1 1 1 1 1 2 2 2 2 2 2 2 2 2 3 4 4 4 4 6],323
951,48113,[1 1 1 1 4 5 6 7 7 9 10 11 13 15 17 17 17 18 18 18 19 20 22 25 27 27 32],324
952,48115,[1 1 1 1 1 1 1 1],0
953,48121,[1 2 2 2 4 4 5 5 6 6 7 7 7 7 9 10 13 13 13],325
954,48135,[1 1 1 1 1 1 2],34
955,48139,[1 1 1 1 2 2 2 2 2 2 2 2 2 2 3],137
956,48141,[1 2 2 2 2],13
957,48143,[1 1 1 1 1 1 1 1 1 1 1 1],0
958,48157,[1 1 1 2 2 2 2 2 5 6 6 7 7 10 11 11 11 12],326
959,48167,[1 1 5 5 7 8 8 8 9],327
960,48189,[1 1 2 2 2 2],13
961,48199,[1 1 1 1 1 1 1 1 1 1 1 1 1 1 2 2 2 2],21
962,48201,[1 1 1 1 1 1 2 2 2 3 4 4 6 6 8 13 17 20 22 23 31 34 40 41 41 46],328
963,48203,[1 1 1 1 1 1 1 1 1 1 1 1],0
964,48215,[1 1 1 1 1 1 1],0
965,48219,[1 1 1 1 1 1 1 1 1 1 1 1],0
966,48221,[1 1 1 1 1 1 1 1 1 1 1],0
967,48227,[1 1 1 1],0
968,48231,[2],5
969,48245,[2 2 2 2 4 4 5 5 5 5 5 6],329
970,48251,[1 1 1 1 1 1 1 1 1 1 1 1 1 1 1 1 1 1],4
971,48273,[1],0
972,48293,[1 1 1 1 1 1 1 1 1 1 1],0
973,48303,[2 3 3 4 4 5 6 6 7 9 13 14 14 21],330
974,48309,[1 1 1 1 1 1 1 1 1 2 2 2 2 3],124
975,48321,[1 1 1 1 1 1 1 1 1 1 1 1 1 1 1 1 1 2 2 2 2 3 3 3 3 3 3 3 3 3],123
976,48325,[1 1 1 1 1 1],0
977,48329,[1 1 1 1 1 1 1 1 1 1 1 1 1 1 1 1 1 1 1 1 2],0
978,48339,[2 2 3 3 3 3 3 4 4 4 4 5 5 6],331
979,48347,[1 2 2 2 2 2 2 2 2 2 2 2],6
980,48349,[1 1 1 1 1 1 1 2 2 2 2 2 2],6
981,48359,[1 1 1 1 1 1 1 1 1 1 1 1 1 1 1 1 1 1],4
982,48363,[1 1 1 1],0
983,48365,[1 1 1 1 1 1 1 1 1 1 1 1],0
984,48375,[1 1 1 1 1 1 2 2 2 2],23
985,48381,[1 1 1 2 2 2 2 2 2],7
986,48405,[1 1 1 1 1 1 1 1 1 1 1 1],0
987,48423,[1 1 1 1 1 1 1 1 1 1 1 1 1 1 1 1 1 1 1 1 1],4
988,48439,[1 1 1 1 1 1 1 1 1 1 1 1 1 1 3 6 6 7 9 11 13 18 19 20 21 25 25 25],332
989,48441,[1 1 1 1 1 1 1 1 1 1],0
990,48451,[1 1 1 1 1],0
991,48453,[1 1 1 1 1 2 3 3 4 6 6 6 7 7 7 9 9 9 11],333
992,48467,[1 1 1 1 1 1 1 1 1 1 1 1 1 1 1 1 1],4
993,48477,[1 1 1 1 1 1 1 2 2 2],23
994,48479,[1 1 2 3 5 5 6 6 6 6 6 6 6 6 6 8],334
995,48489,[1 1 1 1 1 1 1 1 1 1],0
996,48491,[1 1 1 1 1 1 1 1 2 3 4 4 4 4 4 4 4],191
997,49011,[1 1 1 1 1 1 1 1 1 1 1 1 1 1 1 1 1 1 1 1 1 1 1 1],41
998,49035,[1 1 2 2 3 3 3 4 4 7 7 7 7 10 10 10 10 10],335
999,49049,[2 2 2 2 3 3 3 3 4],83
1000,49051,[1 1 1 1],0
1001,49057,[1 1 1 1 1 1 1 1 1 1 1 1 1 1],0
1002,50001,[1 1 1],0
1003,50003,[1 1 1 1 1 1 1 1 1 1 1],0
1004,50007,[1 1 1 1 4 4 5 5 5 7 7 7 7 7 7 7 8 8 8 15 15 15 15 16 17 18 19],130
1005,50011,[3 3 3 3 3 3 3 3],163
1006,50015,[1 1 1 1 2 2 2 2],7
1007,50025,[1 1 1 1 1 1 1 1],0
1008,50027,[1 1 1 1 1 1 1 1 1 1 2 2 2 2 2 2 2 2],21
1009,51013,[2 2 2 2 2 2 2 2 2 2 2 2 2 2 2 2 12],336
1010,51023,[1 1 1 1 1 1 1 1 1 1 1 1 1 1 1 1],0
1011,51041,[1 1 1 1 1 1 1 1 1 2 2 2 2 2 2],11
1012,51059,[1 1 1 1 1 1 1 1 1 1 1 1 1 1 1 1 6 9 9 16 19 20 20 21 21],337
1013,51075,[1 1 1 1 1 1 1 1 1 1 1 1 1 1 1 1 1 1 1 1 1 1 2],309
1014,51087,[2 2 2 8 8 8 8 8 16 16 16 16 28 28 32 39 40 42 42 42 45],338
1015,51095,[1 1 1 1 1 1 1 1 2 2 2 2 2 2 2 2 2 2 2 2 2 2 2 2 2 2 2 2 2 2 2 2],309
1016,51107,[1 1 1 1 1 1 1 1 1 1 4 4 4 4 5 5 5 5 5 5],153
1017,51147,[1 1 1 1 1],0
1018,51153,[1 1 1 2 2 2 2 2 3 3 3 3 4 4 4 4 4 4 10],339
1019,51199,[1 1 1 1 1 1 1 1 1 1 1 1 1 1 1 1 1 1 1 1 1 1 1 1 1 1 1 1 1 1],41
1020,51510,[1 1 1 1 1 1 1 1 1],0
1021,51550,[1 1 1 1 1 1 1 1 1 1 1 1 3 3],288
1022,51700,[1 1 1 1 1 1 1 1 1 1 1 1 1 1 1 1 1 1 1 1 1 1 1 1],41
1023,51750,[4],3
1024,51760,[2 3 3 3 3 3 3 3 3 3 3 3 3 3 7],278
1025,51810,[1 1 1 1 1 1 1 1 1 1 1 1 5],340
1026,51830,[1 1 1 1 1 1 1 1 1 1 1 1 1 1 1 1 1 1 1 1 1 1 1 1],41
1027,53005,[1 1 2 2 2 2 2 4 5 3 3 3 3 3 4 9 12 13 17 18 18 21 24 26 28 28 29],341
1028,53007,[1 1 1 1 1 2 2 2 2 2 2 2 2 2 5 5 5 5 5],342
1029,53011,[2 3 3 3 3 3 4 4 4 5 5 5 5 6 6 6 7 8 8 8 8 10 10 14 14 14 14 14 14],331
1030,53021,[1 1 2 2 2 2 2 2 2 2 2 2],6
1031,53025,"[1 1 1 1 1 1 1 1 1 1 1 1 1 1 1 1 1 1 1 1 1 1 1 1 1 1 1 1 2 2 2 2 2 2 2 2 2
 2]",343
1032,53029,[1 1 1 1 1 1 1 1 1 1 1 1 3 3 3 3 3 3 6 6 7 7 7 7 7 7 8],344
1033,53033,"[1 1 5 6 9 10 12 15 17 21 22 26 27 32 35 37 43 43 56 60 67 74 75 87 94 100
 109 125 136 144 150 150 165 175 188 200 208 220 226 242 257 275 282 292
 292 303]",345
1034,53035,[1 1 1 1 1 1 1],0
1035,53039,[1 1 1 1 1 1 1 1 1 1 1 1 1 1 1 1 2],100
1036,53041,[1 2 2 2 2 2 2 2],7
1037,53053,[1 1 1 1 1 1 1 4 5 5 6 6 6 7 7 7 8 10 12 15 15 16 16 17 20 20 23],346
1038,53057,[1 1 1 1 1 3 3 3 3 4 4 4 4 4 4 4 5 5 5 6 6 6 6],209
1039,53061,"[1 1 1 1 1 1 1 1 1 2 3 4 4 4 4 6 6 7 8 10 10 11 16 16 16 21 21 21 31 33 40
 41 42 45 47 55 59 62 62 65 68 70 70 77]",347
1040,53063,[2 2 4 4 5 5 7 9 10 11 12 12 13 13 13 13 13 15],348
1041,53065,[1],0
1042,53067,[1 1 1 1 1 1 1 1 1 1 1],0
1043,53073,[1 2 2 2 2 2 6 8 4 4 7 7 8 8 8 8 15 19 19 20 21 22 23 23 23 25],349
1044,53077,[1 1 2 2 2 2 3 3 6 6 6 6 12 12 16 18 19 19 21 21 21 25],350
1045,54033,[1 1 1 1 1 1 1 1 1],0
1046,54035,[1 1 1 1 1 1 1 1 1 1 1 1 1 1],0
1047,54045,[1 1 1 1],0
1048,54049,[1 1 1 1 1 1 1 1 1 1 1 1 1 1 1 1 1],4
1049,54061,[1 1 1 1 2 2 2 3 3 3],40
1050,54069,[1 1],0
1051,54099,[1 1 1],0
1052,55009,[1 1 1 1 1],0
1053,55011,[1 1 1 1 1 1 1 1 1 1],0
1054,55021,[1 1 1 1 1 1 1 1],0
1055,55025,[1 1 1 1 1 1 2 2 3 4 5 8 9 11 11 11 12 12 12 12 12],351
1056,55027,[1],0
1057,55029,[1],0
1058,55039,[1 1 1 1 1 1 1 1 1 1 1 2 2 2 2 2 2 2 2 2 2 2 2 2 2 2 2],309
1059,55043,[1 1 1 1 1],0
1060,55051,[1 1 1 1 1 1 1 1 1 1 1 1 1 1 1 1 1 1 1],4
1061,55053,[1],0
1062,55057,[1],0
1063,55059,[1 1 1 1 1 1 1 2 2 3],68
1064,55061,[1],0
1065,55073,[1 1 1],0
1066,55079,[1 2 2 3 3 3 5 5 5 5 5 6 11 16 19 29 34 40 49 54 65 77 85 88 88 101],352
1067,55087,[1 1 1 1 2 2 2 2 2 2 2],6
1068,55089,[1 1 1 1 1 1 1 1 3 3 3 3 3 3 3 5 6 6 6 7 8 8 9 9 9 9 9],353
1069,55101,[1 1 2 2 2 2 3 3 4 4 5],20
1070,55105,[1 1 1 1 2 2 2 2 2 2 3 3 3 4],174
1071,55111,[1 1 1 1 1 2 2 2 2 2 2 2 2 2 2 2 2 2 4],127
1072,55117,[1 1 1 1 1 2 2 2 2 2 2 2 2],6
1073,55127,[1],0
1074,55131,[3 3 3 3 3 3 3 3 3 3 3],354
1075,55133,[1 1 1 3 4 4 5 5 6 6 6 7 7 9],355
1076,55135,[1 1 1 1 1 1 1 1 1 1 1 1 1 1 1 1 1 1],4
1077,55139,[1 1 1 1 1 1 1 1 1],0
1078,56019,[1 1],0
